,procurement_id,original_value,agreement_type_code,commodity_type_code,commodity_code,document_type_code,reporting_period,owner_org_title,abbreviation,Federal Entity,Abbreviation,NAFTA,CCFTA,CCoFTA,CHFTA,CPaFTA,CPFTA,CKFTA,CUFTA,WTO-AGP,CETA,CPTPP
17922,4500373362,125204.0,NAFTA,Services,R199A,Contract,2017,Canadian Northern Economic Development Agency | Agence canadienne de développement économique du Nord,CanNor,Canadian Northern Economic Development Agency ,CanNor,No,No,No,No,No,No,No,No,No,Yes,Yes
37369,4002040,43618.63,NAFTA,Services,R010A,Contract,2018,Canadian Grain Commission | Commission canadienne des grains,CGC,Canadian Grain Commission,CGC,No,No,No,No,No,No,No,No,No,Yes,Yes
37378,4002049,24026.1,NAFTA,Goods,N7110,Contract,2018,Canadian Grain Commission | Commission canadienne des grains,CGC,Canadian Grain Commission,CGC,No,No,No,No,No,No,No,No,No,Yes,Yes
37387,4002050,24862.63,NAFTA,Goods,N7110,Contract,2018,Canadian Grain Commission | Commission canadienne des grains,CGC,Canadian Grain Commission,CGC,No,No,No,No,No,No,No,No,No,Yes,Yes
37397,4002102,18480.0,NAFTA,Services,R019BF,Contract,2018,Canadian Grain Commission | Commission canadienne des grains,CGC,Canadian Grain Commission,CGC,No,No,No,No,No,No,No,No,No,Yes,Yes
37415,8039272,15719.85,NAFTA,Services,WL3610C,Contract,2018,Canadian Grain Commission | Commission canadienne des grains,CGC,Canadian Grain Commission,CGC,No,No,No,No,No,No,No,No,No,Yes,Yes
37436,2BDC32462,17380.44,NAFTA,Goods,N7030,Contract,2018,Canadian Grain Commission | Commission canadienne des grains,CGC,Canadian Grain Commission,CGC,No,No,No,No,No,No,No,No,No,Yes,Yes
37446,2BH766123,16852.5,NAFTA,Goods,N7010126,Contract,2018,Canadian Grain Commission | Commission canadienne des grains,CGC,Canadian Grain Commission,CGC,No,No,No,No,No,No,No,No,No,Yes,Yes
37458,5K03170185,978891.82,NAFTA,Goods,N6810CC,Amendment,2018,Canadian Grain Commission | Commission canadienne des grains,CGC,Canadian Grain Commission,CGC,No,No,No,No,No,No,No,No,No,Yes,Yes
37460,5K03181362,136721.17,NAFTA,Goods,N6640,Contract,2018,Canadian Grain Commission | Commission canadienne des grains,CGC,Canadian Grain Commission,CGC,No,No,No,No,No,No,No,No,No,Yes,Yes
37462,5K04181221,33838.12,NAFTA,Goods,N6650KE,Contract,2018,Canadian Grain Commission | Commission canadienne des grains,CGC,Canadian Grain Commission,CGC,No,No,No,No,No,No,No,No,No,Yes,Yes
37467,4002029,12871.14,NAFTA,Goods,N8405,Contract,2018,Canadian Grain Commission | Commission canadienne des grains,CGC,Canadian Grain Commission,CGC,No,No,No,No,No,No,No,No,No,Yes,Yes
37477,4002207,18750.0,NAFTA,Services,R019HB,Contract,2019,Canadian Grain Commission | Commission canadienne des grains,CGC,Canadian Grain Commission,CGC,No,No,No,No,No,No,No,No,No,Yes,Yes
37504,8041026,11753.55,NAFTA,Services,V505A,Contract,2019,Canadian Grain Commission | Commission canadienne des grains,CGC,Canadian Grain Commission,CGC,No,No,No,No,No,No,No,No,No,Yes,Yes
37520,ITPRO38092,57016.68,NAFTA,Goods,N7010,Contract,2019,Canadian Grain Commission | Commission canadienne des grains,CGC,Canadian Grain Commission,CGC,No,No,No,No,No,No,No,No,No,Yes,Yes
37529,K00003331A,52123.34,NAFTA,Services,JX7045,Contract,2019,Canadian Grain Commission | Commission canadienne des grains,CGC,Canadian Grain Commission,CGC,No,No,No,No,No,No,No,No,No,Yes,Yes
37546,8037891,46605.32,NAFTA,Services,WL3610C,Contract,2018,Canadian Grain Commission | Commission canadienne des grains,CGC,Canadian Grain Commission,CGC,No,No,No,No,No,No,No,No,No,Yes,Yes
37569,5K03180682,234240.73,NAFTA,Goods,N6810CC,Contract,2018,Canadian Grain Commission | Commission canadienne des grains,CGC,Canadian Grain Commission,CGC,No,No,No,No,No,No,No,No,No,Yes,Yes
37580,ITPRO29986,12375.87,NAFTA,Goods,N7025150,Contract,2018,Canadian Grain Commission | Commission canadienne des grains,CGC,Canadian Grain Commission,CGC,No,No,No,No,No,No,No,No,No,Yes,Yes
37591,8037500,47015.4,NAFTA,Services,WL3610C,Contract,2018,Canadian Grain Commission | Commission canadienne des grains,CGC,Canadian Grain Commission,CGC,No,No,No,No,No,No,No,No,No,Yes,Yes
37601,4001914,51912.0,NAFTA,Services,R010AG,Contract,2018,Canadian Grain Commission | Commission canadienne des grains,CGC,Canadian Grain Commission,CGC,No,No,No,No,No,No,No,No,No,Yes,Yes
37610,4001948,13650.0,NAFTA,Services,R019HB,Contract,2018,Canadian Grain Commission | Commission canadienne des grains,CGC,Canadian Grain Commission,CGC,No,No,No,No,No,No,No,No,No,Yes,Yes
37621,6023886,200000.0,NAFTA,Services,C211DA,Contract,2018,Canadian Grain Commission | Commission canadienne des grains,CGC,Canadian Grain Commission,CGC,No,No,No,No,No,No,No,No,No,Yes,Yes
37628,8037905,45536.81,NAFTA,Services,WL3610C,Contract,2018,Canadian Grain Commission | Commission canadienne des grains,CGC,Canadian Grain Commission,CGC,No,No,No,No,No,No,No,No,No,Yes,Yes
37647,2BH762519,16853.75,NAFTA,Goods,N7010,Contract,2018,Canadian Grain Commission | Commission canadienne des grains,CGC,Canadian Grain Commission,CGC,No,No,No,No,No,No,No,No,No,Yes,Yes
37656,2BH763341,23818.4,NAFTA,Goods,N7010,Contract,2018,Canadian Grain Commission | Commission canadienne des grains,CGC,Canadian Grain Commission,CGC,No,No,No,No,No,No,No,No,No,Yes,Yes
37667,5K03181058,69411.51,NAFTA,Goods,N6640,Contract,2018,Canadian Grain Commission | Commission canadienne des grains,CGC,Canadian Grain Commission,CGC,No,No,No,No,No,No,No,No,No,Yes,Yes
37669,5K03181099,127225.63,NAFTA,Goods,N6640,Contract,2018,Canadian Grain Commission | Commission canadienne des grains,CGC,Canadian Grain Commission,CGC,No,No,No,No,No,No,No,No,No,Yes,Yes
37672,4001215,64113.0,NAFTA,Services,R010,Amendment,2017,Canadian Grain Commission | Commission canadienne des grains,CGC,Canadian Grain Commission,CGC,No,No,No,No,No,No,No,No,No,Yes,Yes
37680,2BDC40254,46029.82,NAFTA,Services,JX70,Contract,2017,Canadian Grain Commission | Commission canadienne des grains,CGC,Canadian Grain Commission,CGC,No,No,No,No,No,No,No,No,No,Yes,Yes
37775,5K03170185,977836.65,NAFTA,Goods,N6810CC,Contract,2017,Canadian Grain Commission | Commission canadienne des grains,CGC,Canadian Grain Commission,CGC,No,No,No,No,No,No,No,No,No,Yes,Yes
75698,7014322,141250.0,NAFTA,Goods,5164,Amendment,2018,Canadian Space Agency | Agence spatiale canadienne,CSA,Canadian Space Agency ,CSA,No,No,No,No,No,No,No,No,No,Yes ,No
75849,7014799,113000.0,NAFTA,Goods,5159,Contract,2019,Canadian Space Agency | Agence spatiale canadienne,CSA,Canadian Space Agency ,CSA,No,No,No,No,No,No,No,No,No,Yes ,No
76137,7014289,114745.05,NAFTA,Services,R019BF,Contract,2017,Canadian Space Agency | Agence spatiale canadienne,CSA,Canadian Space Agency ,CSA,No,No,No,No,No,No,No,No,No,Yes ,No
76203,9F64170807,30283.04,NAFTA,Services,JX7030,Contract,2017,Canadian Space Agency | Agence spatiale canadienne,CSA,Canadian Space Agency ,CSA,No,No,No,No,No,No,No,No,No,Yes ,No
76244,7014322,141250.0,NAFTA,Goods,5164,Contract,2018,Canadian Space Agency | Agence spatiale canadienne,CSA,Canadian Space Agency ,CSA,No,No,No,No,No,No,No,No,No,Yes ,No
76326,7014458,16950.0,NAFTA,Services,U099,Contract,2018,Canadian Space Agency | Agence spatiale canadienne,CSA,Canadian Space Agency ,CSA,No,No,No,No,No,No,No,No,No,Yes ,No
208052,4001730,181930.0,NAFTA,Services,R019A,Amendment,2018,Financial Consumer Agency of Canada | Agence de la consommation en matière financière du Canada,FCAC,Financial Consumer Agency of Canada ,FCAC,No,No,No,No,No,No,No,No,No,Yes,Yes
208065,4002096,247554.75,NAFTA,Services,B208B,Contract,2018,Financial Consumer Agency of Canada | Agence de la consommation en matière financière du Canada,FCAC,Financial Consumer Agency of Canada ,FCAC,No,No,No,No,No,No,No,No,No,Yes,Yes
208074,6022999,16950.0,NAFTA,Services,R019A,Amendment,2018,Financial Consumer Agency of Canada | Agence de la consommation en matière financière du Canada,FCAC,Financial Consumer Agency of Canada ,FCAC,No,No,No,No,No,No,No,No,No,Yes,Yes
208090,5R00181753,87625.75,NAFTA,Goods,N7110,Contract,2018,Financial Consumer Agency of Canada | Agence de la consommation en matière financière du Canada,FCAC,Financial Consumer Agency of Canada ,FCAC,No,No,No,No,No,No,No,No,No,Yes,Yes
208094,5R00182334,202640.58,NAFTA,Services,R019A,Contract,2018,Financial Consumer Agency of Canada | Agence de la consommation en matière financière du Canada,FCAC,Financial Consumer Agency of Canada ,FCAC,No,No,No,No,No,No,No,No,No,Yes,Yes
208101,5R0181274A,247439.09,NAFTA,Services,R019A,Contract,2018,Financial Consumer Agency of Canada | Agence de la consommation en matière financière du Canada,FCAC,Financial Consumer Agency of Canada ,FCAC,No,No,No,No,No,No,No,No,No,Yes,Yes
208111,4001638,303828.75,NAFTA,Services,R019A,Amendment,2018,Financial Consumer Agency of Canada | Agence de la consommation en matière financière du Canada,FCAC,Financial Consumer Agency of Canada ,FCAC,No,No,No,No,No,No,No,No,No,Yes,Yes
208121,4001885,161222.75,NAFTA,Services,R019A,Contract,2018,Financial Consumer Agency of Canada | Agence de la consommation en matière financière du Canada,FCAC,Financial Consumer Agency of Canada ,FCAC,No,No,No,No,No,No,No,No,No,Yes,Yes
208123,4001958,144673.9,NAFTA,Services,R019A,Contract,2018,Financial Consumer Agency of Canada | Agence de la consommation en matière financière du Canada,FCAC,Financial Consumer Agency of Canada ,FCAC,No,No,No,No,No,No,No,No,No,Yes,Yes
208152,4001730,181930.0,NAFTA,Services,R019A,Contract,2018,Financial Consumer Agency of Canada | Agence de la consommation en matière financière du Canada,FCAC,Financial Consumer Agency of Canada ,FCAC,No,No,No,No,No,No,No,No,No,Yes,Yes
208162,6022488,40000.0,NAFTA,Services,R019A,Contract,2018,Financial Consumer Agency of Canada | Agence de la consommation en matière financière du Canada,FCAC,Financial Consumer Agency of Canada ,FCAC,No,No,No,No,No,No,No,No,No,Yes,Yes
208164,6022880,98310.0,NAFTA,Services,R019A,Contract,2018,Financial Consumer Agency of Canada | Agence de la consommation en matière financière du Canada,FCAC,Financial Consumer Agency of Canada ,FCAC,No,No,No,No,No,No,No,No,No,Yes,Yes
208166,6022999,16950.0,NAFTA,Services,R019A,Contract,2018,Financial Consumer Agency of Canada | Agence de la consommation en matière financière du Canada,FCAC,Financial Consumer Agency of Canada ,FCAC,No,No,No,No,No,No,No,No,No,Yes,Yes
208170,6023305,42735.19,NAFTA,Services,R019A,Contract,2018,Financial Consumer Agency of Canada | Agence de la consommation en matière financière du Canada,FCAC,Financial Consumer Agency of Canada ,FCAC,No,No,No,No,No,No,No,No,No,Yes,Yes
208172,8037664,48324.45,NAFTA,Services,R019A,Contract,2018,Financial Consumer Agency of Canada | Agence de la consommation en matière financière du Canada,FCAC,Financial Consumer Agency of Canada ,FCAC,No,No,No,No,No,No,No,No,No,Yes,Yes
208184,4001668,101100.0,NAFTA,Services,R019A,Contract,2018,Financial Consumer Agency of Canada | Agence de la consommation en matière financière du Canada,FCAC,Financial Consumer Agency of Canada ,FCAC,No,No,No,No,No,No,No,No,No,Yes,Yes
208188,6020425,678000.0,NAFTA,Services,R019A,Amendment,2018,Financial Consumer Agency of Canada | Agence de la consommation en matière financière du Canada,FCAC,Financial Consumer Agency of Canada ,FCAC,No,No,No,No,No,No,No,No,No,Yes,Yes
208212,CON12-065,727212.19,NAFTA,Services,D302A,Amendment,2018,Financial Consumer Agency of Canada | Agence de la consommation en matière financière du Canada,FCAC,Financial Consumer Agency of Canada ,FCAC,No,No,No,No,No,No,No,No,No,Yes,Yes
208221,4001455,28815.0,NAFTA,Services,R019A,Contract,2017,Financial Consumer Agency of Canada | Agence de la consommation en matière financière du Canada,FCAC,Financial Consumer Agency of Canada ,FCAC,No,No,No,No,No,No,No,No,No,Yes,Yes
208223,4001487,101097.74,NAFTA,Services,R019A,Contract,2017,Financial Consumer Agency of Canada | Agence de la consommation en matière financière du Canada,FCAC,Financial Consumer Agency of Canada ,FCAC,No,No,No,No,No,No,No,No,No,Yes,Yes
208225,4001488,101100.0,NAFTA,Services,R019A,Contract,2017,Financial Consumer Agency of Canada | Agence de la consommation en matière financière du Canada,FCAC,Financial Consumer Agency of Canada ,FCAC,No,No,No,No,No,No,No,No,No,Yes,Yes
208227,4001489,101100.01,NAFTA,Services,R019A,Contract,2017,Financial Consumer Agency of Canada | Agence de la consommation en matière financière du Canada,FCAC,Financial Consumer Agency of Canada ,FCAC,No,No,No,No,No,No,No,No,No,Yes,Yes
208281,6020482,542500.0,NAFTA,Services,R019A,Contract,2017,Financial Consumer Agency of Canada | Agence de la consommation en matière financière du Canada,FCAC,Financial Consumer Agency of Canada ,FCAC,No,No,No,No,No,No,No,No,No,Yes,Yes
208306,5R00170721,58268.64,NAFTA,Goods,N7020,Contract,2017,Financial Consumer Agency of Canada | Agence de la consommation en matière financière du Canada,FCAC,Financial Consumer Agency of Canada ,FCAC,No,No,No,No,No,No,No,No,No,Yes,Yes
208338,4002158,24876.95,NAFTA,Services,R019,Contract,2019,Financial Consumer Agency of Canada | Agence de la consommation en matière financière du Canada,FCAC,Financial Consumer Agency of Canada ,FCAC,No,No,No,No,No,No,No,No,No,Yes,Yes
208342,4002161,440428.8,NAFTA,Services,R019,Contract,2019,Financial Consumer Agency of Canada | Agence de la consommation en matière financière du Canada,FCAC,Financial Consumer Agency of Canada ,FCAC,No,No,No,No,No,No,No,No,No,Yes,Yes
208355,6026029,226000.0,NAFTA,Services,R019,Contract,2019,Financial Consumer Agency of Canada | Agence de la consommation en matière financière du Canada,FCAC,Financial Consumer Agency of Canada ,FCAC,No,No,No,No,No,No,No,No,No,Yes,Yes
208366,6026946,324149.54,NAFTA,Services,R019,Contract,2019,Financial Consumer Agency of Canada | Agence de la consommation en matière financière du Canada,FCAC,Financial Consumer Agency of Canada ,FCAC,No,No,No,No,No,No,No,No,No,Yes,Yes
208415,9600140,113205.6,NAFTA,Goods,7035,Contract,2018,Federal Economic Development Agency for Southern Ontario | Agence fédérale de développement économique pour le Sud de l'Ontario,FedDev Ontario,Federal Economic Development Agency for Southern Ontario,FedDev Ontario,No,No,No,No,No,No,No,No,No,Yes,Yes
208433,8507900,16950.0,NAFTA,Services,L099,Contract,2019,Federal Economic Development Agency for Southern Ontario | Agence fédérale de développement économique pour le Sud de l'Ontario,FedDev Ontario,Federal Economic Development Agency for Southern Ontario,FedDev Ontario,No,No,No,No,No,No,No,No,No,Yes,Yes
208436,8507901,84185.0,NAFTA,Services,R019,Contract,2019,Federal Economic Development Agency for Southern Ontario | Agence fédérale de développement économique pour le Sud de l'Ontario,FedDev Ontario,Federal Economic Development Agency for Southern Ontario,FedDev Ontario,No,No,No,No,No,No,No,No,No,Yes,Yes
208439,8507902,122040.0,NAFTA,Services,R019,Contract,2019,Federal Economic Development Agency for Southern Ontario | Agence fédérale de développement économique pour le Sud de l'Ontario,FedDev Ontario,Federal Economic Development Agency for Southern Ontario,FedDev Ontario,No,No,No,No,No,No,No,No,No,Yes,Yes
208452,3515918,107350.0,NAFTA,Services,R019,Contract,2017,Federal Economic Development Agency for Southern Ontario | Agence fédérale de développement économique pour le Sud de l'Ontario,FedDev Ontario,Federal Economic Development Agency for Southern Ontario,FedDev Ontario,No,No,No,No,No,No,No,No,No,Yes,Yes
226012,5027440,282500.0,NAFTA,Services,U099D,Amendment,2018,Infrastructure Canada | Infrastructure Canada,INFC,Office of Infrastructure of Canada,INFC,No,No,No,Yes,No,No,No,Yes,No,Yes,Yes
226045,8507487,67800.0,NAFTA,Services,R201BA,Contract,2018,Infrastructure Canada | Infrastructure Canada,INFC,Office of Infrastructure of Canada,INFC,No,No,No,Yes,No,No,No,Yes,No,Yes,Yes
226140,5028224,107125.13,NAFTA,Services,R019AB,Amendment,2017,Infrastructure Canada | Infrastructure Canada,INFC,Office of Infrastructure of Canada,INFC,No,No,No,Yes,No,No,No,Yes,No,Yes,Yes
226143,3516732,14078.0,NAFTA,Services,WL3610C,Contract,2018,Infrastructure Canada | Infrastructure Canada,INFC,Office of Infrastructure of Canada,INFC,No,No,No,Yes,No,No,No,Yes,No,Yes,Yes
226148,3516727,21072.24,NAFTA,Services,WL3610C,Contract,2018,Infrastructure Canada | Infrastructure Canada,INFC,Office of Infrastructure of Canada,INFC,No,No,No,Yes,No,No,No,Yes,No,Yes,Yes
226156,3515175,157340.07,NAFTA,Services,D399,Amendment,2017,Infrastructure Canada | Infrastructure Canada,INFC,Office of Infrastructure of Canada,INFC,No,No,No,Yes,No,No,No,Yes,No,Yes,Yes
226173,3515759,56083.75,NAFTA,Services,T004,Contract,2017,Infrastructure Canada | Infrastructure Canada,INFC,Office of Infrastructure of Canada,INFC,No,No,No,Yes,No,No,No,Yes,No,Yes,Yes
226177,3515798,395500.0,NAFTA,Services,R019,Contract,2017,Infrastructure Canada | Infrastructure Canada,INFC,Office of Infrastructure of Canada,INFC,No,No,No,Yes,No,No,No,Yes,No,Yes,Yes
226185,3516187,422620.0,NAFTA,Services,R019AB,Contract,2017,Infrastructure Canada | Infrastructure Canada,INFC,Office of Infrastructure of Canada,INFC,No,No,No,Yes,No,No,No,Yes,No,Yes,Yes
226201,5028510,24916.5,NAFTA,Services,U099A,Contract,2017,Infrastructure Canada | Infrastructure Canada,INFC,Office of Infrastructure of Canada,INFC,No,No,No,Yes,No,No,No,Yes,No,Yes,Yes
226217,9202543101,6619449.6,NAFTA,Goods,N7030,Contract,2017,Infrastructure Canada | Infrastructure Canada,INFC,Office of Infrastructure of Canada,INFC,No,No,No,Yes,No,No,No,Yes,No,Yes,Yes
226226,3515645,38985.0,NAFTA,Services,S002E,Amendment,2017,Infrastructure Canada | Infrastructure Canada,INFC,Office of Infrastructure of Canada,INFC,No,No,No,Yes,No,No,No,Yes,No,Yes,Yes
226229,3515645,35595.0,NAFTA,Services,S002E,Amendment,2017,Infrastructure Canada | Infrastructure Canada,INFC,Office of Infrastructure of Canada,INFC,No,No,No,Yes,No,No,No,Yes,No,Yes,Yes
226242,3515682,438530.4,NAFTA,Services,D302AAP,Amendment,2017,Infrastructure Canada | Infrastructure Canada,INFC,Office of Infrastructure of Canada,INFC,No,No,No,Yes,No,No,No,Yes,No,Yes,Yes
226245,3515680,169501.13,NAFTA,Services,D399A,Amendment,2017,Infrastructure Canada | Infrastructure Canada,INFC,Office of Infrastructure of Canada,INFC,No,No,No,Yes,No,No,No,Yes,No,Yes,Yes
226256,9202631301,116339.26,NAFTA,Services,JX7030,Contract,2017,Infrastructure Canada | Infrastructure Canada,INFC,Office of Infrastructure of Canada,INFC,No,No,No,Yes,No,No,No,Yes,No,Yes,Yes
226267,3516187,422620.0,NAFTA,Services,R019AB,Amendment,2018,Infrastructure Canada | Infrastructure Canada,INFC,Office of Infrastructure of Canada,INFC,No,No,No,Yes,No,No,No,Yes,No,Yes,Yes
226282,8507117,56952.0,NAFTA,Services,D399,Contract,2018,Infrastructure Canada | Infrastructure Canada,INFC,Office of Infrastructure of Canada,INFC,No,No,No,Yes,No,No,No,Yes,No,Yes,Yes
226295,3516949,271053.1,NAFTA,Services,D399,Contract,2018,Infrastructure Canada | Infrastructure Canada,INFC,Office of Infrastructure of Canada,INFC,No,No,No,Yes,No,No,No,Yes,No,Yes,Yes
226321,8507290,54240.0,NAFTA,Services,D399,Contract,2018,Infrastructure Canada | Infrastructure Canada,INFC,Office of Infrastructure of Canada,INFC,No,No,No,Yes,No,No,No,Yes,No,Yes,Yes
226336,3516549,24408.0,NAFTA,Services,R199L,Contract,2017,Infrastructure Canada | Infrastructure Canada,INFC,Office of Infrastructure of Canada,INFC,No,No,No,Yes,No,No,No,Yes,No,Yes,Yes
226348,3515798,398579.53,NAFTA,Services,R019F,Amendment,2017,Infrastructure Canada | Infrastructure Canada,INFC,Office of Infrastructure of Canada,INFC,No,No,No,Yes,No,No,No,Yes,No,Yes,Yes
226353,3515682,438530.4,NAFTA,Goods,N7030,Amendment,2017,Infrastructure Canada | Infrastructure Canada,INFC,Office of Infrastructure of Canada,INFC,No,No,No,Yes,No,No,No,Yes,No,Yes,Yes
226362,9202646201,377490.42,NAFTA,Goods,N7010,Contract,2017,Infrastructure Canada | Infrastructure Canada,INFC,Office of Infrastructure of Canada,INFC,No,No,No,Yes,No,No,No,Yes,No,Yes,Yes
226365,9202628201,44933.89,NAFTA,Goods,N2310,Contract,2017,Infrastructure Canada | Infrastructure Canada,INFC,Office of Infrastructure of Canada,INFC,No,No,No,Yes,No,No,No,Yes,No,Yes,Yes
226374,3516855,960500.0,NAFTA,Services,K100,Contract,2018,Infrastructure Canada | Infrastructure Canada,INFC,Office of Infrastructure of Canada,INFC,No,No,No,Yes,No,No,No,Yes,No,Yes,Yes
226383,3516730,15926.22,NAFTA,Services,WR70,Amendment,2018,Infrastructure Canada | Infrastructure Canada,INFC,Office of Infrastructure of Canada,INFC,No,No,No,Yes,No,No,No,Yes,No,Yes,Yes
226407,3515682,438530.4,NAFTA,Goods,N7030,Amendment,2018,Infrastructure Canada | Infrastructure Canada,INFC,Office of Infrastructure of Canada,INFC,No,No,No,Yes,No,No,No,Yes,No,Yes,Yes
226430,3516551,61672.15,NAFTA,Services,R199,Amendment,2018,Infrastructure Canada | Infrastructure Canada,INFC,Office of Infrastructure of Canada,INFC,No,No,No,Yes,No,No,No,Yes,No,Yes,Yes
226437,3516494,57203.15,NAFTA,Services,T004A,Contract,2018,Infrastructure Canada | Infrastructure Canada,INFC,Office of Infrastructure of Canada,INFC,No,No,No,Yes,No,No,No,Yes,No,Yes,Yes
226439,3516551,61672.15,NAFTA,Services,R199I,Contract,2018,Infrastructure Canada | Infrastructure Canada,INFC,Office of Infrastructure of Canada,INFC,No,No,No,Yes,No,No,No,Yes,No,Yes,Yes
226443,3032585,21827.4,NAFTA,Services,JX7110,Contract,2018,Infrastructure Canada | Infrastructure Canada,INFC,Office of Infrastructure of Canada,INFC,No,No,No,Yes,No,No,No,Yes,No,Yes,Yes
226447,3515175,157340.07,NAFTA,Services,D399AB,Amendment,2018,Infrastructure Canada | Infrastructure Canada,INFC,Office of Infrastructure of Canada,INFC,No,No,No,Yes,No,No,No,Yes,No,Yes,Yes
226456,3516728,15926.22,NAFTA,Services,WR70,Contract,2018,Infrastructure Canada | Infrastructure Canada,INFC,Office of Infrastructure of Canada,INFC,No,No,No,Yes,No,No,No,Yes,No,Yes,Yes
226458,3516730,15926.22,NAFTA,Services,WR70,Contract,2018,Infrastructure Canada | Infrastructure Canada,INFC,Office of Infrastructure of Canada,INFC,No,No,No,Yes,No,No,No,Yes,No,Yes,Yes
226472,5027440,282500.0,NAFTA,Services,U099D,Amendment,2018,Infrastructure Canada | Infrastructure Canada,INFC,Office of Infrastructure of Canada,INFC,No,No,No,Yes,No,No,No,Yes,No,Yes,Yes
231220,491-18-1036,10879.64,NAFTA,Goods,N7110,Contract,2018,Military Grievances External Review Committee | Comité externe d’examen des griefs militaires,MGERC,Military Grievances External Review Committee,MGERC,No,No,No,No,No,No,No,No,No,Yes ,Yes
231233,211-17-1014,68648.0,NAFTA,Services,D302A,Amendment,2019,Military Grievances External Review Committee | Comité externe d’examen des griefs militaires,MGERC,Military Grievances External Review Committee,MGERC,No,No,No,No,No,No,No,No,No,Yes ,Yes
231242,451-19-1072,14916.0,NAFTA,Services,R019F,Contract,2019,Military Grievances External Review Committee | Comité externe d’examen des griefs militaires,MGERC,Military Grievances External Review Committee,MGERC,No,No,No,No,No,No,No,No,No,Yes ,Yes
231253,700433063,11440.0,NAFTA,Goods,N7030,Contract,2019,Military Grievances External Review Committee | Comité externe d’examen des griefs militaires,MGERC,Military Grievances External Review Committee,MGERC,No,No,No,No,No,No,No,No,No,Yes ,Yes
231263,211-17-1014,50850.0,NAFTA,Services,D302A,Contract,2017,Military Grievances External Review Committee | Comité externe d’examen des griefs militaires,MGERC,Military Grievances External Review Committee,MGERC,No,No,No,No,No,No,No,No,No,Yes ,Yes
231273,461-17-1031,10729.19,NAFTA,Goods,N7030,Contract,2017,Military Grievances External Review Committee | Comité externe d’examen des griefs militaires,MGERC,Military Grievances External Review Committee,MGERC,No,No,No,No,No,No,No,No,No,Yes ,Yes
231285,471-17-1027A,83441.46,NAFTA,Services,D302A,Contract,2017,Military Grievances External Review Committee | Comité externe d’examen des griefs militaires,MGERC,Military Grievances External Review Committee,MGERC,No,No,No,No,No,No,No,No,No,Yes ,Yes
231294,461-17-1038,11069.6,NAFTA,Goods,N7030,Contract,2017,Military Grievances External Review Committee | Comité externe d’examen des griefs militaires,MGERC,Military Grievances External Review Committee,MGERC,No,No,No,No,No,No,No,No,No,Yes ,Yes
231303,491-17-1055,24965.38,NAFTA,Goods,N7110,Contract,2017,Military Grievances External Review Committee | Comité externe d’examen des griefs militaires,MGERC,Military Grievances External Review Committee,MGERC,No,No,No,No,No,No,No,No,No,Yes ,Yes
231312,461-17-1023,20228.66,NAFTA,Goods,N7030,Contract,2017,Military Grievances External Review Committee | Comité externe d’examen des griefs militaires,MGERC,Military Grievances External Review Committee,MGERC,No,No,No,No,No,No,No,No,No,Yes ,Yes
231321,491-17-1054,11435.6,NAFTA,Goods,N7110,Contract,2017,Military Grievances External Review Committee | Comité externe d’examen des griefs militaires,MGERC,Military Grievances External Review Committee,MGERC,No,No,No,No,No,No,No,No,No,Yes ,Yes
231330,471-17-1035,22148.0,NAFTA,Services,R019E,Contract,2017,Military Grievances External Review Committee | Comité externe d’examen des griefs militaires,MGERC,Military Grievances External Review Committee,MGERC,No,No,No,No,No,No,No,No,No,Yes ,Yes
231342,471-17-1027A,83441.46,NAFTA,Services,D302A,Amendment,2018,Military Grievances External Review Committee | Comité externe d’examen des griefs militaires,MGERC,Military Grievances External Review Committee,MGERC,No,No,No,No,No,No,No,No,No,Yes ,Yes
231351,491-18-0042,21541.09,NAFTA,Goods,N9905,Contract,2018,Military Grievances External Review Committee | Comité externe d’examen des griefs militaires,MGERC,Military Grievances External Review Committee,MGERC,No,No,No,No,No,No,No,No,No,Yes ,Yes
231360,211-17-1014,50850.0,NAFTA,Services,D302A,Amendment,2018,Military Grievances External Review Committee | Comité externe d’examen des griefs militaires,MGERC,Military Grievances External Review Committee,MGERC,No,No,No,No,No,No,No,No,No,Yes ,Yes
231390,MPCC-13-E186,25425.0,NAFTA,Services,R019,Amendment,2017,Military Police Complaints Commission of Canada | Commission d'examen des plaintes concernant la police militaire du Canada,MPCC,Military Police Complaints Commission,MPCC,No,No,No,No,No,No,No,No,No,Yes,Yes
231408,MPCC-16-H075/2,151397.4,NAFTA,Services,R019,Contract,2017,Military Police Complaints Commission of Canada | Commission d'examen des plaintes concernant la police militaire du Canada,MPCC,Military Police Complaints Commission,MPCC,No,No,No,No,No,No,No,No,No,Yes,Yes
231417,MPCC-16-H076/2,153721.58,NAFTA,Services,R019,Contract,2017,Military Police Complaints Commission of Canada | Commission d'examen des plaintes concernant la police militaire du Canada,MPCC,Military Police Complaints Commission,MPCC,No,No,No,No,No,No,No,No,No,Yes,Yes
231464,8037800,4461.03,NAFTA,Services,D301,Amendment,2018,National Film Board | Office national du film,NFB,National Film Board ,NFB,No,No,No,No,No,No,No,No,No,Yes,Yes
231622,8037189,104640.71,NAFTA,Goods,7045,Amendment,2018,National Film Board | Office national du film,NFB,National Film Board ,NFB,No,No,No,No,No,No,No,No,No,Yes,Yes
231664,6021582,12845.1,NAFTA,Services,T009A,Contract,2018,National Film Board | Office national du film,NFB,National Film Board ,NFB,No,No,No,No,No,No,No,No,No,Yes,Yes
231674,8037188,11801.52,NAFTA,Goods,N7045,Contract,2018,National Film Board | Office national du film,NFB,National Film Board ,NFB,No,No,No,No,No,No,No,No,No,Yes,Yes
231676,8037189,104640.71,NAFTA,Goods,N7045,Contract,2018,National Film Board | Office national du film,NFB,National Film Board ,NFB,No,No,No,No,No,No,No,No,No,Yes,Yes
231678,8037256,41850.0,NAFTA,Goods,N7025401,Contract,2018,National Film Board | Office national du film,NFB,National Film Board ,NFB,No,No,No,No,No,No,No,No,No,Yes,Yes
231681,8037262,10217.29,NAFTA,Goods,N5340A,Contract,2018,National Film Board | Office national du film,NFB,National Film Board ,NFB,No,No,No,No,No,No,No,No,No,Yes,Yes
231686,8037388,39797.45,NAFTA,Services,D302AAP,Contract,2018,National Film Board | Office national du film,NFB,National Film Board ,NFB,No,No,No,No,No,No,No,No,No,Yes,Yes
231689,8037424,25251.96,NAFTA,Goods,N7510,Contract,2018,National Film Board | Office national du film,NFB,National Film Board ,NFB,No,No,No,No,No,No,No,No,No,Yes,Yes
231694,8037612,18029.39,NAFTA,Services,T009A,Contract,2018,National Film Board | Office national du film,NFB,National Film Board ,NFB,No,No,No,No,No,No,No,No,No,Yes,Yes
255919,7194815,74954.32,NAFTA,Unknown,,,2017,The Correctional Investigator Canada | L'Enquêteur correctionnel Canada,OCI,Office of the Correctional Investigator of Canada,OCI,No,No,No,No,No,No,No,No,No,Yes,Yes
255928,7194815,74954.32,NAFTA,Unknown,,,2017,The Correctional Investigator Canada | L'Enquêteur correctionnel Canada,OCI,Office of the Correctional Investigator of Canada,OCI,No,No,No,No,No,No,No,No,No,Yes,Yes
255937,7227113,50624.0,NAFTA,Unknown,,Contract,2018,The Correctional Investigator Canada | L'Enquêteur correctionnel Canada,OCI,Office of the Correctional Investigator of Canada,OCI,No,No,No,No,No,No,No,No,No,Yes,Yes
255968,P1900029,314592.0,NAFTA,Goods,N7030AGD,Contract,2018,Office of the Commissioner of Lobbying of Canada | Commissariat au lobbying du Canada,OCL,Office of the Commissioner of Lobbying ,OCL,No,No,No,No,No,No,No,No,No,Yes,Yes
284417,C-2018-2019-Q2-00001,16950.0,NAFTA,Services,T004A,Contract,2018,Public Prosecution Service of Canada | Service des poursuites pénales du Canada,PPSC,Office of the Director of Public Prosecutions,PPSC,No,No,No,No,No,No,No,No,No,Yes,Yes
284426,20160020SS,400884.16,NAFTA,Services,WR36,Amendment,2017,Public Prosecution Service of Canada | Service des poursuites pénales du Canada,PPSC,Office of the Director of Public Prosecutions,PPSC,No,No,No,No,No,No,No,No,No,Yes,Yes
284435,4500132515,231511.4,NAFTA,Services,R019,Contract,2017,Public Prosecution Service of Canada | Service des poursuites pénales du Canada,PPSC,Office of the Director of Public Prosecutions,PPSC,No,No,No,No,No,No,No,No,No,Yes,Yes
284445,4500132520,214955.0,NAFTA,Services,R019,Contract,2017,Public Prosecution Service of Canada | Service des poursuites pénales du Canada,PPSC,Office of the Director of Public Prosecutions,PPSC,No,No,No,No,No,No,No,No,No,Yes,Yes
284447,4500132515,231511.4,NAFTA,Services,R019FA,Amendment,2017,Public Prosecution Service of Canada | Service des poursuites pénales du Canada,PPSC,Office of the Director of Public Prosecutions,PPSC,No,No,No,No,No,No,No,No,No,Yes,Yes
284449,4500132520,214955.0,NAFTA,Services,R019FA,Amendment,2017,Public Prosecution Service of Canada | Service des poursuites pénales du Canada,PPSC,Office of the Director of Public Prosecutions,PPSC,No,No,No,No,No,No,No,No,No,Yes,Yes
284452,4500129015,379649.95,NAFTA,Services,R019,Amendment,2017,Public Prosecution Service of Canada | Service des poursuites pénales du Canada,PPSC,Office of the Director of Public Prosecutions,PPSC,No,No,No,No,No,No,No,No,No,Yes,Yes
284465,4500133072,309738.07,NAFTA,Services,K105,Contract,2017,Public Prosecution Service of Canada | Service des poursuites pénales du Canada,PPSC,Office of the Director of Public Prosecutions,PPSC,No,No,No,No,No,No,No,No,No,Yes,Yes
284482,4500133526,170797.86,NAFTA,Goods,N7110,Contract,2017,Public Prosecution Service of Canada | Service des poursuites pénales du Canada,PPSC,Office of the Director of Public Prosecutions,PPSC,No,No,No,No,No,No,No,No,No,Yes,Yes
284492,4500133526,170797.86,NAFTA,Goods,N7110,Amendment,2017,Public Prosecution Service of Canada | Service des poursuites pénales du Canada,PPSC,Office of the Director of Public Prosecutions,PPSC,No,No,No,No,No,No,No,No,No,Yes,Yes
284505,4500121320,172500.0,NAFTA,Services,V505A,Amendment,2017,Public Prosecution Service of Canada | Service des poursuites pénales du Canada,PPSC,Office of the Director of Public Prosecutions,PPSC,No,No,No,No,No,No,No,No,No,Yes,Yes
284520,4500133158,311344.29,NAFTA,Services,R019F,Contract,2017,Public Prosecution Service of Canada | Service des poursuites pénales du Canada,PPSC,Office of the Director of Public Prosecutions,PPSC,No,No,No,No,No,No,No,No,No,Yes,Yes
284529,4500133159,255627.41,NAFTA,Services,R019F,Contract,2017,Public Prosecution Service of Canada | Service des poursuites pénales du Canada,PPSC,Office of the Director of Public Prosecutions,PPSC,No,No,No,No,No,No,No,No,No,Yes,Yes
284538,4500133417,159527.81,NAFTA,Services,R019F,Contract,2017,Public Prosecution Service of Canada | Service des poursuites pénales du Canada,PPSC,Office of the Director of Public Prosecutions,PPSC,No,No,No,No,No,No,No,No,No,Yes,Yes
284552,4500136344,97889.23,NAFTA,Services,K105AO,Contract,2018,Public Prosecution Service of Canada | Service des poursuites pénales du Canada,PPSC,Office of the Director of Public Prosecutions,PPSC,No,No,No,No,No,No,No,No,No,Yes,Yes
284560,C-2018-2019-Q2-00007,189000.0,NAFTA,Services,V505A,Contract,2018,Public Prosecution Service of Canada | Service des poursuites pénales du Canada,PPSC,Office of the Director of Public Prosecutions,PPSC,No,No,No,No,No,No,No,No,No,Yes,Yes
284568,C-2018-2019-Q2-00009,142380.0,NAFTA,Services,V505A,Contract,2018,Public Prosecution Service of Canada | Service des poursuites pénales du Canada,PPSC,Office of the Director of Public Prosecutions,PPSC,No,No,No,No,No,No,No,No,No,Yes,Yes
284572,C-2018-2019-Q2-00011,278138.36,NAFTA,Services,R019A,Contract,2018,Public Prosecution Service of Canada | Service des poursuites pénales du Canada,PPSC,Office of the Director of Public Prosecutions,PPSC,No,No,No,No,No,No,No,No,No,Yes,Yes
284582,C-2018-2019-Q2-00013,206955.0,NAFTA,Services,R019A,Contract,2018,Public Prosecution Service of Canada | Service des poursuites pénales du Canada,PPSC,Office of the Director of Public Prosecutions,PPSC,No,No,No,No,No,No,No,No,No,Yes,Yes
284594,C-2018-2019-Q2-00016,74015.0,NAFTA,Services,R116A,Contract,2018,Public Prosecution Service of Canada | Service des poursuites pénales du Canada,PPSC,Office of the Director of Public Prosecutions,PPSC,No,No,No,No,No,No,No,No,No,Yes,Yes
284606,C-2018-2019-Q2-00020,133975.45,NAFTA,Goods,N7010,Contract,2018,Public Prosecution Service of Canada | Service des poursuites pénales du Canada,PPSC,Office of the Director of Public Prosecutions,PPSC,No,No,No,No,No,No,No,No,No,Yes,Yes
284621,4500135929,134244.0,NAFTA,Services,R019,Amendment,2018,Public Prosecution Service of Canada | Service des poursuites pénales du Canada,PPSC,Office of the Director of Public Prosecutions,PPSC,No,No,No,No,No,No,No,No,No,Yes,Yes
284626,4500138445,95598.0,NAFTA,Services,R019,Contract,2018,Public Prosecution Service of Canada | Service des poursuites pénales du Canada,PPSC,Office of the Director of Public Prosecutions,PPSC,No,No,No,No,No,No,No,No,No,Yes,Yes
284630,4500138458,54619.79,NAFTA,Goods,7110,Contract,2018,Public Prosecution Service of Canada | Service des poursuites pénales du Canada,PPSC,Office of the Director of Public Prosecutions,PPSC,No,No,No,No,No,No,No,No,No,Yes,Yes
284641,4500138563,101994.21,NAFTA,Goods,7100,Contract,2018,Public Prosecution Service of Canada | Service des poursuites pénales du Canada,PPSC,Office of the Director of Public Prosecutions,PPSC,No,No,No,No,No,No,No,No,No,Yes,Yes
284658,4500138700,248600.0,NAFTA,Services,R019,Contract,2018,Public Prosecution Service of Canada | Service des poursuites pénales du Canada,PPSC,Office of the Director of Public Prosecutions,PPSC,No,No,No,No,No,No,No,No,No,Yes,Yes
284682,4500134533,211801.77,NAFTA,Services,R019,Contract,2017,Public Prosecution Service of Canada | Service des poursuites pénales du Canada,PPSC,Office of the Director of Public Prosecutions,PPSC,No,No,No,No,No,No,No,No,No,Yes,Yes
284694,4500135086,183960.0,NAFTA,Services,R116,Contract,2017,Public Prosecution Service of Canada | Service des poursuites pénales du Canada,PPSC,Office of the Director of Public Prosecutions,PPSC,No,No,No,No,No,No,No,No,No,Yes,Yes
284707,4500135432,331672.14,NAFTA,Services,K199B,Contract,2017,Public Prosecution Service of Canada | Service des poursuites pénales du Canada,PPSC,Office of the Director of Public Prosecutions,PPSC,No,No,No,No,No,No,No,No,No,Yes,Yes
284738,4500134533,211801.77,NAFTA,Services,R019,Contract,2017,Public Prosecution Service of Canada | Service des poursuites pénales du Canada,PPSC,Office of the Director of Public Prosecutions,PPSC,No,No,No,No,No,No,No,No,No,Yes,Yes
284750,,119780.0,NAFTA,Services,R107AA,Amendment,2017,Public Prosecution Service of Canada | Service des poursuites pénales du Canada,PPSC,Office of the Director of Public Prosecutions,PPSC,No,No,No,No,No,No,No,No,No,Yes,Yes
284756,,231511.4,NAFTA,Services,R019FA,Amendment,2017,Public Prosecution Service of Canada | Service des poursuites pénales du Canada,PPSC,Office of the Director of Public Prosecutions,PPSC,No,No,No,No,No,No,No,No,No,Yes,Yes
284758,,214955.0,NAFTA,Services,R019FA,Amendment,2017,Public Prosecution Service of Canada | Service des poursuites pénales du Canada,PPSC,Office of the Director of Public Prosecutions,PPSC,No,No,No,No,No,No,No,No,No,Yes,Yes
284775,4500133158,311344.29,NAFTA,Services,R019F,Contract,2017,Public Prosecution Service of Canada | Service des poursuites pénales du Canada,PPSC,Office of the Director of Public Prosecutions,PPSC,No,No,No,No,No,No,No,No,No,Yes,Yes
284784,4500133159,255627.41,NAFTA,Services,R019F,Contract,2017,Public Prosecution Service of Canada | Service des poursuites pénales du Canada,PPSC,Office of the Director of Public Prosecutions,PPSC,No,No,No,No,No,No,No,No,No,Yes,Yes
284811,20180015CC,116862.51,NAFTA,Services,R107AA,Contract,2018,Public Prosecution Service of Canada | Service des poursuites pénales du Canada,PPSC,Office of the Director of Public Prosecutions,PPSC,No,No,No,No,No,No,No,No,No,Yes,Yes
284817,4500133072,285551.28,NAFTA,Services,K105AO,Amendment,2018,Public Prosecution Service of Canada | Service des poursuites pénales du Canada,PPSC,Office of the Director of Public Prosecutions,PPSC,No,No,No,No,No,No,No,No,No,Yes,Yes
284826,4500133158,311344.29,NAFTA,Services,R019F,Amendment,2018,Public Prosecution Service of Canada | Service des poursuites pénales du Canada,PPSC,Office of the Director of Public Prosecutions,PPSC,No,No,No,No,No,No,No,No,No,Yes,Yes
284855,4500137402,142380.0,NAFTA,Services,V505A,Contract,2018,Public Prosecution Service of Canada | Service des poursuites pénales du Canada,PPSC,Office of the Director of Public Prosecutions,PPSC,No,No,No,No,No,No,No,No,No,Yes,Yes
284863,4500137506,264420.0,NAFTA,Services,R201A,Contract,2018,Public Prosecution Service of Canada | Service des poursuites pénales du Canada,PPSC,Office of the Director of Public Prosecutions,PPSC,No,No,No,No,No,No,No,No,No,Yes,Yes
284874,4500137721,202270.0,NAFTA,Services,R123AH,Contract,2018,Public Prosecution Service of Canada | Service des poursuites pénales du Canada,PPSC,Office of the Director of Public Prosecutions,PPSC,No,No,No,No,No,No,No,No,No,Yes,Yes
284887,4500140004,593250.0,NAFTA,Services,L099,Amendment,2019,Public Prosecution Service of Canada | Service des poursuites pénales du Canada,PPSC,Office of the Director of Public Prosecutions,PPSC,No,No,No,No,No,No,No,No,No,Yes,Yes
284928,4500139577,241447.5,NAFTA,Services,T004,Contract,2018,Public Prosecution Service of Canada | Service des poursuites pénales du Canada,PPSC,Office of the Director of Public Prosecutions,PPSC,No,No,No,No,No,No,No,No,No,Yes,Yes
284948,4500140004,593250.0,NAFTA,Services,L099,Contract,2018,Public Prosecution Service of Canada | Service des poursuites pénales du Canada,PPSC,Office of the Director of Public Prosecutions,PPSC,No,No,No,No,No,No,No,No,No,Yes,Yes
284961,4600000435,0.0,NAFTA,Services,R019,SOSAmendment,2018,Public Prosecution Service of Canada | Service des poursuites pénales du Canada,PPSC,Office of the Director of Public Prosecutions,PPSC,No,No,No,No,No,No,No,No,No,Yes,Yes
284970,4600000436,0.0,NAFTA,Services,R019,SOSAmendment,2018,Public Prosecution Service of Canada | Service des poursuites pénales du Canada,PPSC,Office of the Director of Public Prosecutions,PPSC,No,No,No,No,No,No,No,No,No,Yes,Yes
284979,4600000437,0.0,NAFTA,Services,R019,SOSAmendment,2018,Public Prosecution Service of Canada | Service des poursuites pénales du Canada,PPSC,Office of the Director of Public Prosecutions,PPSC,No,No,No,No,No,No,No,No,No,Yes,Yes
284988,20170004CC,119780.0,NAFTA,Services,R019,Contract,2018,Public Prosecution Service of Canada | Service des poursuites pénales du Canada,PPSC,Office of the Director of Public Prosecutions,PPSC,No,No,No,No,No,No,No,No,No,Yes,Yes
284991,4500119290,158481.6,NAFTA,Goods,7010,Contract,2018,Public Prosecution Service of Canada | Service des poursuites pénales du Canada,PPSC,Office of the Director of Public Prosecutions,PPSC,No,No,No,No,No,No,No,No,No,Yes,Yes
285162,20140063CC,381390.19,NAFTA,Services,WR36,Amendment,2019,Public Prosecution Service of Canada | Service des poursuites pénales du Canada,PPSC,Office of the Director of Public Prosecutions,PPSC,No,No,No,No,No,No,No,No,No,Yes,Yes
285178,4500137721,202270.0,NAFTA,Services,R123,Amendment,2019,Public Prosecution Service of Canada | Service des poursuites pénales du Canada,PPSC,Office of the Director of Public Prosecutions,PPSC,No,No,No,No,No,No,No,No,No,Yes,Yes
285187,4500137942,74015.0,NAFTA,Services,R116,Amendment,2019,Public Prosecution Service of Canada | Service des poursuites pénales du Canada,PPSC,Office of the Director of Public Prosecutions,PPSC,No,No,No,No,No,No,No,No,No,Yes,Yes
285195,4500138700,248600.0,NAFTA,Services,R019,Amendment,2019,Public Prosecution Service of Canada | Service des poursuites pénales du Canada,PPSC,Office of the Director of Public Prosecutions,PPSC,No,No,No,No,No,No,No,No,No,Yes,Yes
285205,4500139944,234000.0,NAFTA,Services,R019,Contract,2019,Public Prosecution Service of Canada | Service des poursuites pénales du Canada,PPSC,Office of the Director of Public Prosecutions,PPSC,No,No,No,No,No,No,No,No,No,Yes,Yes
285214,4500139944,234000.0,NAFTA,Services,R019,Amendment,2019,Public Prosecution Service of Canada | Service des poursuites pénales du Canada,PPSC,Office of the Director of Public Prosecutions,PPSC,No,No,No,No,No,No,No,No,No,Yes,Yes
285223,4500139949,320432.5,NAFTA,Services,R019,Contract,2019,Public Prosecution Service of Canada | Service des poursuites pénales du Canada,PPSC,Office of the Director of Public Prosecutions,PPSC,No,No,No,No,No,No,No,No,No,Yes,Yes
285240,4500140180,329063.01,NAFTA,Services,K105,Contract,2019,Public Prosecution Service of Canada | Service des poursuites pénales du Canada,PPSC,Office of the Director of Public Prosecutions,PPSC,No,No,No,No,No,No,No,No,No,Yes,Yes
285274,4500119290,217596.8,NAFTA,Goods,6750,Amendment,2019,Public Prosecution Service of Canada | Service des poursuites pénales du Canada,PPSC,Office of the Director of Public Prosecutions,PPSC,No,No,No,No,No,No,No,No,No,Yes,Yes
285710,P1600013,70512.0,NAFTA,Services,T002GB,Amendment,2017,Office of the Public Sector Integrity Commissioner of Canada | Commissariat à l'intégrité du secteur public du Canada,PSIC,Office of the Public Sector Integrity Commissioner,PSIC,No,No,No,No,No,No,No,No,No,Yes,Yes
285718,P1800051,100000.0,NAFTA,Services,R003A,Amendment,2017,Office of the Public Sector Integrity Commissioner of Canada | Commissariat à l'intégrité du secteur public du Canada,PSIC,Office of the Public Sector Integrity Commissioner,PSIC,No,No,No,No,No,No,No,No,No,Yes,Yes
285738,P1800051,100000.0,NAFTA,Services,R003A,Contract,2017,Office of the Public Sector Integrity Commissioner of Canada | Commissariat à l'intégrité du secteur public du Canada,PSIC,Office of the Public Sector Integrity Commissioner,PSIC,No,No,No,No,No,No,No,No,No,Yes,Yes
285751,P1800051,100000.0,NAFTA,Goods,94131603,Amendment,2018,Office of the Public Sector Integrity Commissioner of Canada | Commissariat à l'intégrité du secteur public du Canada,PSIC,Office of the Public Sector Integrity Commissioner,PSIC,No,No,No,No,No,No,No,No,No,Yes,Yes
285762,P1800051,100000.0,NAFTA,Goods,94131603,Amendment,2018,Office of the Public Sector Integrity Commissioner of Canada | Commissariat à l'intégrité du secteur public du Canada,PSIC,Office of the Public Sector Integrity Commissioner,PSIC,No,No,No,No,No,No,No,No,No,Yes,Yes
345016,51235-18-0046,10206.02,NAFTA,Services,K105,Contract,2018,Veterans Review and Appeal Board | Tribunal des anciens combattants (révision et appel),VRAB,Veterans Review and Appeal Board ,VRAB,No,No,No,No,No,No,No,No,No,Yes,Yes
